{"Standing Bow": {"left_elbow": 174.90063617760742, "right_elbow": 174.3517526262647, "left_knee": 122.17432562352381, "right_knee": 174.17301612318246}, "Pyramid": {"left_elbow": 16.63994208558564, "right_elbow": 152.8722700601145, "left_knee": 175.3645365730973, "right_knee": 172.45728184461277}, "Warrior III": {"left_elbow": 150.32357240945151, "right_elbow": 172.6352537550173, "left_knee": 179.00835461396017, "right_knee": 179.6384749903162}, "Goddess": {"left_elbow": 70.05761541830303, "right_elbow": 68.4935890600076, "left_knee": 127.50414236027015, "right_knee": 128.11808018251807}, "Warrior II": {"left_elbow": 179.30786988901485, "right_elbow": 175.03025927188972, "left_knee": 178.17516079176414, "right_knee": 122.7323040616999, "neck_angle": 125.21759296819272, "left_hip_angle": 140.52754015165618, "right_hip_angle": 112.16381977590153}, "Warrior I": {"left_elbow": 171.48326278193318, "right_elbow": 171.10351391106414, "left_knee": 179.04615215377535, "right_knee": 123.93638657724425, "neck_angle": 40.074747199636946, "left_hip_angle": 141.20001886467918, "right_hip_angle": 123.87055100927327}, "Star": {"left_elbow": 168.78862668251622, "right_elbow": 179.58898998049372, "left_knee": 179.39145244882124, "right_knee": 177.44890491099892, "neck_angle": 129.99608004775965, "left_hip_angle": 152.68080578323617, "right_hip_angle": 155.24662007558823}, "Tree": {"left_elbow": 41.09950625761812, "right_elbow": 51.9195332627057, "left_knee": 33.6549813212332, "right_knee": 173.70112930527975, "neck_angle": 130.24795195126717, "left_hip_angle": 143.39494998788336, "right_hip_angle": 177.40932954872167}, "Extended Side Angle": {"left_elbow": 178.6677801461303, "right_elbow": 25.804532399947128, "left_knee": 172.78692668224272, "right_knee": 111.18399172577763, "neck_angle": 51.43294616455571, "left_hip_angle": 174.54223453363286, "right_hip_angle": 43.021055084013405}}