{"namaste pose": {"left_elbow": 103.61037807861132, "right_elbow": 101.87335195463685, "left_knee": 177.25648373597124, "right_knee": 178.80540377771274}, "ironman pose": {"left_elbow": 153.71850441737644, "right_elbow": 129.86377567505457, "left_knee": 173.5639639481845, "right_knee": 175.90539484116098}, "Aashirvad pose": {"left_elbow": 39.15613355390606, "right_elbow": 170.48965776350667, "left_knee": 178.81772612664182, "right_knee": 179.71041990820862}, "killing pose": {"left_elbow": 38.85063993685341, "right_elbow": 32.84256301489882, "left_knee": 176.08078234291477, "right_knee": 177.50260764821573}, "simple pose": {"left_elbow": 174.74385657551048, "right_elbow": 156.61922956131485, "left_knee": 178.9112831418924, "right_knee": 178.22197615718352}}